Name,Email,Phone,Role,Lead,Active,Home Address
Richard “Owner Account”,support@bookmycleaning.net,(780) 718-5092,Owner,No,Yes,"8306 Chappelle Way Southwest, Edmonton, AB, Canada T6W4L3"
Boss iPad  Pro,cleaningserviceyeg@gmail.com,(780) 718-5092,Dispatcher,No,Yes,"8306 Chappelle Way Southwest, Edmonton, AB, Canada T6W4L3"
Richard,support@833tidyups.com,(780) 863-6995,Dispatcher,No,Yes,"8306 Chappelle Way Southwest, Edmonton, AB, Canada T6W4L3"
Melissa Clarke,clarkemelissa2025@gmail.com,(780) 954-2409,Cleaner,No,Yes,"7221 Chivers Pl SW, Edmonton, AB, Canada T6W4L4"
Stacey Whitty,stacey_whitty44@hotmail.com,(825) 436-2409,Cleaner,No,Yes,"3624 1 Avenue Southwest, Edmonton, AB, Canada T6X2W4"
Robyn Adele,robynkierstead@hotmail.com,(780) 660-0681,Cleaner,No,Yes,"574 Saddleback Rd NW, Edmonton, AB T6J 4Z3"
Melissa,clarkemelissa2025@gmail.com,(780) 953-2409,Cleaner,No,Yes,"7221 Chivers Pl SW, Edmonton, AB T6W 4L4"
Adison Haugland,hauglandadison@gmail.com,(780) 554-2851,Cleaner,No,Yes,"10231 120 St NW, Edmonton, AB T5K 2A4"
1 Joseph Juma,baraka.cleaningservices95@gmail.com,(780) 267-3472,Cleaner,No,Yes,"3751 139 Ave NW, Edmonton, AB T5Y 3J5"
Asanti Sayida,asantisayida20@gmail.com,825-419-3215,Cleaner,No,Yes,"308 Ambleside Link SW, Edmonton, AB T6W 0V3"
Cindy Guay,cindybg@live.ca,(780) 863-0896,Cleaner,No,Yes,"740 Knottwood Rd S Northwest, Edmonton, AB T6K 1W5"
Jasmin Kunin,kuninjasmin@gmail.com,(780) 802-3373,Cleaner,No,Yes,"10740 109 St NW, Edmonton, AB T5H 3B6"
Jen & Bryan Cabugon,cedi.cleans@gmail.com,(825) 888-3251,Cleaner,No,Yes,"9434 208 St NW, Edmonton, AB T5T 5X9"
Sergine Ngongang wetie,tatiwetie@gmail.com,(418) 261-4689,Cleaner,No,Yes,"17115 61 Ave NW, Edmonton, AB"
Joel MBATCHOU,mbatchoujoakim@yahoo.fr,(587) 937-9408,Cleaner,No,Yes,"17908 61 Ave NW, Edmonton, AB T6M 1T1"
Kilab,kffsfacilityservice10@gmail.com,(647) 466-4476,Cleaner,No,Yes,"12219 103 St NW, Edmonton, AB T5G 2K2"
N.Dinku,bultoefa@gmail.com,(587) 500-7911,Cleaner,No,Yes,"10408 155 Ave NW, Edmonton, AB T5X 4G6"
Neth & Carmen,nhettemcarmen@yahoo.com,(780) 729-2031,Cleaner,No,Yes,"20123 58 Ave NW, Edmonton, AB T6M 0B5"
Dominic Mancini,mittens45dm@gmail.com,(587) 385-8329,Dispatcher,No,Yes,"9722 154 St, Edmonton, AB T5P 2G3"
Danielle Pettipas,danielle.p@bookmycleaning.net,(780) 555-0116,Cleaner,No,Yes,"8820 156 St NW, Edmonton, AB T5R 1Y5"
Scott Chambers,scott.c@bookmycleaning.net,(780) 555-0117,Cleaner,No,Yes,"10830 82 Ave NW, Edmonton, AB T6E 2B3"
Samantha Smits,samantha.s@bookmycleaning.net,(780) 555-0118,Cleaner,No,Yes,"14304 92a Ave NW, Edmonton, AB T5R 5C6"
Mike Brown,mike.b@bookmycleaning.net,(780) 555-0119,Cleaner,No,Yes,"5311 112 Ave NW, Edmonton, AB T5W 0M8"
Jan Perrin,jan.p@bookmycleaning.net,(780) 555-0120,Cleaner,No,Yes,"11303 76 Ave NW, Edmonton, AB T6G 0K9"